year,province,region,party_in_power,provincial_winner,national_winner,national_pop_vote_winner,cc_share,dgm_share,pdal_share,ssp_share
1984,Amperville,Circuit Confederation,pdal,pdal,pdal,pdal,0.0479237451587632,0.181743005139359,0.770333249701878,0
1984,Binaryshire,Metaflux Realm,pdal,cc,pdal,pdal,0.829564221634842,0.0224093420270444,0.148026436338113,0
1984,Byteforge Domain,Metaflux Realm,pdal,pdal,pdal,pdal,0.438356534525806,0.0821602364948419,0.479483228979352,0
1984,Cerebrica,Synapse Territories,pdal,pdal,pdal,pdal,0.308616790722702,0.274261227147671,0.320309291035119,0.0968126910945083
1984,Circuiton,Circuit Confederation,pdal,dgm,pdal,pdal,0.073942500611175,0.480846670428647,0.445210828960178,0
1984,Cortexia,Synapse Territories,pdal,ssp,pdal,pdal,0.145292432390494,0.175290714958805,0.270708823839498,0.408708028811203
1984,Electropolis,Circuit Confederation,pdal,dgm,pdal,pdal,0.2598922645159,0.372713003105065,0.367394732379034,0
1984,Infinitron Peninsula,Metaflux Realm,pdal,cc,pdal,pdal,0.44347510814975,0.296443965905464,0.260080925944786,0
1984,Infoglen,Metaflux Realm,pdal,cc,pdal,pdal,0.368296260328386,0.283830635986176,0.347873103685439,0
1984,Neuronia,Synapse Territories,pdal,ssp,pdal,pdal,0.0401150040837429,0.105834286187685,0.0782192784858788,0.775831431242694
1984,Quantumridge,Metaflux Realm,pdal,pdal,pdal,pdal,0.201873475912681,0.283214023620761,0.514912500466558,0
1984,Voltagea,Circuit Confederation,pdal,pdal,pdal,pdal,0.099608473539709,0.391433179109169,0.508958347351122,0
1985,Amperville,Circuit Confederation,pdal,pdal,pdal,pdal,0.0488928462510476,0.19077707854697,0.760330075201983,0
1985,Binaryshire,Metaflux Realm,pdal,cc,pdal,pdal,0.846696383372819,0.0210737619455746,0.132229854681607,0
1985,Byteforge Domain,Metaflux Realm,pdal,pdal,pdal,pdal,0.419477467846708,0.100546568997204,0.479975963156088,0
1985,Cerebrica,Synapse Territories,pdal,dgm,pdal,pdal,0.257180565992598,0.336477126522044,0.304244052967047,0.102098254518312
1985,Circuiton,Circuit Confederation,pdal,pdal,pdal,pdal,0.100674953564301,0.43357024173123,0.46575480470447,0
1985,Cortexia,Synapse Territories,pdal,ssp,pdal,pdal,0.121945398571577,0.242911483674908,0.284876707860161,0.350266409893354
1985,Electropolis,Circuit Confederation,pdal,pdal,pdal,pdal,0.310236671859486,0.324208298492875,0.365555029647639,0
1985,Infinitron Peninsula,Metaflux Realm,pdal,cc,pdal,pdal,0.422554372846172,0.324913341338845,0.252532285814983,0
1985,Infoglen,Metaflux Realm,pdal,cc,pdal,pdal,0.355178423994436,0.311113447032198,0.333708128973367,0
1985,Neuronia,Synapse Territories,pdal,ssp,pdal,pdal,0.0306368654121685,0.168352698844005,0.0823429726122989,0.718667463131528
1985,Quantumridge,Metaflux Realm,pdal,pdal,pdal,pdal,0.200733277890843,0.304746256329379,0.494520465779779,0
1985,Voltagea,Circuit Confederation,pdal,pdal,pdal,pdal,0.0926043839865495,0.42350604559176,0.48388957042169,0
1986,Amperville,Circuit Confederation,pdal,pdal,cc,cc,0.1489506062343,0.0875973144040943,0.763452079361606,0
1986,Binaryshire,Metaflux Realm,pdal,cc,cc,cc,0.917871957117451,0.00749053947494497,0.074637503407604,0
1986,Byteforge Domain,Metaflux Realm,pdal,cc,cc,cc,0.602251497122369,0.0453999908185214,0.35234851205911,0
1986,Cerebrica,Synapse Territories,pdal,cc,cc,cc,0.34539885213404,0.24807878348653,0.29537894499434,0.111143419385089
1986,Circuiton,Circuit Confederation,pdal,pdal,cc,cc,0.263641993701516,0.248137025955874,0.48822098034261,0
1986,Cortexia,Synapse Territories,pdal,ssp,cc,cc,0.144697780848354,0.173607111443822,0.254722751570342,0.426972356137482
1986,Electropolis,Circuit Confederation,pdal,cc,cc,cc,0.597425802704687,0.133692085317038,0.268882111978275,0
1986,Infinitron Peninsula,Metaflux Realm,pdal,cc,cc,cc,0.650934337677256,0.155963761472519,0.193101900850225,0
1986,Infoglen,Metaflux Realm,pdal,cc,cc,cc,0.518487301481604,0.193967960730353,0.287544737788044,0
1986,Neuronia,Synapse Territories,pdal,ssp,cc,cc,0.050837694958439,0.14315898168986,0.0937604636425007,0.712242859709201
1986,Quantumridge,Metaflux Realm,pdal,pdal,cc,cc,0.369171069827909,0.165778047773432,0.465050882398658,0
1986,Voltagea,Circuit Confederation,pdal,pdal,cc,cc,0.319953327243237,0.18337956768317,0.496667105073593,0
1987,Amperville,Circuit Confederation,cc,pdal,pdal,pdal,0.0304921377174132,0.214624024988,0.754883837294587,0
1987,Binaryshire,Metaflux Realm,cc,cc,pdal,pdal,0.826204069218027,0.0201486941332033,0.15364723664877,0
1987,Byteforge Domain,Metaflux Realm,cc,pdal,pdal,pdal,0.374280016117303,0.100621536470226,0.525098447412471,0
1987,Cerebrica,Synapse Territories,cc,pdal,pdal,pdal,0.302448564580492,0.267861486448067,0.333360138448199,0.0963298105232425
1987,Circuiton,Circuit Confederation,cc,dgm,pdal,pdal,0.0606032814802911,0.494851202985564,0.444545515534145,0
1987,Cortexia,Synapse Territories,cc,pdal,pdal,pdal,0.142578505711905,0.22268378835439,0.324747845245635,0.30998986068807
1987,Electropolis,Circuit Confederation,cc,dgm,pdal,pdal,0.197668957188978,0.421324365630703,0.38100667718032,0
1987,Infinitron Peninsula,Metaflux Realm,cc,cc,pdal,pdal,0.401759511477246,0.31734678552186,0.280893703000894,0
1987,Infoglen,Metaflux Realm,cc,pdal,pdal,pdal,0.314780427460413,0.322414044372901,0.362805528166686,0
1987,Neuronia,Synapse Territories,cc,ssp,pdal,pdal,0.0469603658210559,0.181189264383176,0.119733480575669,0.652116889220099
1987,Quantumridge,Metaflux Realm,cc,pdal,pdal,pdal,0.161264996154833,0.309322487881882,0.529412515963286,0
1987,Voltagea,Circuit Confederation,cc,pdal,pdal,pdal,0.0784666961881509,0.404374626424384,0.517158677387465,0
1988,Amperville,Circuit Confederation,pdal,pdal,pdal,pdal,0.0850227105944604,0.18864753912491,0.72632975028063,0
1988,Binaryshire,Metaflux Realm,pdal,cc,pdal,pdal,0.885398957193204,0.014052576176272,0.100548466630524,0
1988,Byteforge Domain,Metaflux Realm,pdal,cc,pdal,pdal,0.514781009017953,0.0726700663006032,0.412548924681444,0
1988,Cerebrica,Synapse Territories,pdal,dgm,pdal,pdal,0.307949221830414,0.325203948226752,0.304473134942616,0.0623736950002183
1988,Circuiton,Circuit Confederation,pdal,dgm,pdal,pdal,0.130140493945151,0.467656302749845,0.402203203305005,0
1988,Cortexia,Synapse Territories,pdal,pdal,pdal,pdal,0.163954592863824,0.272446645414383,0.319600441935561,0.243998319786232
1988,Electropolis,Circuit Confederation,pdal,dgm,pdal,pdal,0.352123863452726,0.352289817173016,0.295586319374258,0
1988,Infinitron Peninsula,Metaflux Realm,pdal,cc,pdal,pdal,0.506541970878291,0.269985451020149,0.22347257810156,0
1988,Infoglen,Metaflux Realm,pdal,cc,pdal,pdal,0.385575536869512,0.304506797105155,0.309917666025333,0
1988,Neuronia,Synapse Territories,pdal,ssp,pdal,pdal,0.0549150707679982,0.230144973794801,0.117504464458111,0.59743549097909
1988,Quantumridge,Metaflux Realm,pdal,pdal,pdal,pdal,0.228637089417658,0.299021999302185,0.472340911280157,0
1988,Voltagea,Circuit Confederation,pdal,pdal,pdal,pdal,0.163309749733728,0.384395099366103,0.452295150900169,0
1989,Amperville,Circuit Confederation,pdal,pdal,dgm,pdal,0.0524243740587933,0.248051076682367,0.69952454925884,0
1989,Binaryshire,Metaflux Realm,pdal,cc,dgm,pdal,0.850573989460526,0.0268581093552828,0.122567901184191,0
1989,Byteforge Domain,Metaflux Realm,pdal,pdal,dgm,pdal,0.383885597626411,0.148433589676903,0.467680812696686,0
1989,Cerebrica,Synapse Territories,pdal,cc,dgm,pdal,0.33535538778993,0.282759112986136,0.293045030036977,0.0888404691869563
1989,Circuiton,Circuit Confederation,pdal,dgm,dgm,pdal,0.0870808005398538,0.529709465873485,0.383209733586662,0
1989,Cortexia,Synapse Territories,pdal,ssp,dgm,pdal,0.149472465110081,0.209925583742798,0.27293585835717,0.367666092789952
1989,Electropolis,Circuit Confederation,pdal,dgm,dgm,pdal,0.264913157948658,0.434177972016509,0.300908870034833,0
1989,Infinitron Peninsula,Metaflux Realm,pdal,cc,dgm,pdal,0.436552500268087,0.338108326207359,0.225339173524554,0
1989,Infoglen,Metaflux Realm,pdal,dgm,dgm,pdal,0.281556316760367,0.417517390395424,0.300926292844208,0
1989,Neuronia,Synapse Territories,pdal,ssp,dgm,pdal,0.0415312020340074,0.173776947228591,0.090663608859987,0.694028241877415
1989,Quantumridge,Metaflux Realm,pdal,pdal,dgm,pdal,0.183060329824178,0.366574035323275,0.450365634852547,0
1989,Voltagea,Circuit Confederation,pdal,dgm,dgm,pdal,0.109299775783836,0.468135745076452,0.422564479139712,0
1990,Amperville,Circuit Confederation,dgm,pdal,pdal,pdal,0.0572965410518567,0.167722351154277,0.774981107793866,0
1990,Binaryshire,Metaflux Realm,dgm,cc,pdal,pdal,0.82627018594123,0.0257461858063665,0.147983628252403,0
1990,Byteforge Domain,Metaflux Realm,dgm,pdal,pdal,pdal,0.38311105805979,0.111126071929744,0.505762870010465,0
1990,Cerebrica,Synapse Territories,dgm,pdal,pdal,pdal,0.301927438004304,0.315544169643556,0.31990089411558,0.0626274982365598
1990,Circuiton,Circuit Confederation,dgm,pdal,pdal,pdal,0.0971493643763467,0.4464357520763,0.456414883547353,0
1990,Cortexia,Synapse Territories,dgm,pdal,pdal,pdal,0.178466569250262,0.223719807728669,0.337147141026906,0.260666481994163
1990,Electropolis,Circuit Confederation,dgm,dgm,pdal,pdal,0.27681669558264,0.365306924681543,0.357876379735817,0
1990,Infinitron Peninsula,Metaflux Realm,dgm,cc,pdal,pdal,0.449904218348943,0.298153384972196,0.251942396678861,0
1990,Infoglen,Metaflux Realm,dgm,cc,pdal,pdal,0.33497736867894,0.334088622872596,0.330934008448463,0
1990,Neuronia,Synapse Territories,dgm,ssp,pdal,pdal,0.0678578870812874,0.21817351318102,0.137586495615356,0.576382104122337
1990,Quantumridge,Metaflux Realm,dgm,pdal,pdal,pdal,0.214128452968252,0.282670385182577,0.503201161849171,0
1990,Voltagea,Circuit Confederation,dgm,pdal,pdal,pdal,0.123632851829582,0.356907527052694,0.519459621117724,0
1991,Amperville,Circuit Confederation,pdal,pdal,cc,pdal,0.0656702576070472,0.239912950027446,0.694416792365507,0
1991,Binaryshire,Metaflux Realm,pdal,cc,cc,pdal,0.851461184974073,0.0265627476495011,0.121976067376426,0
1991,Byteforge Domain,Metaflux Realm,pdal,pdal,cc,pdal,0.435368626204248,0.116111859771987,0.448519514023765,0
1991,Cerebrica,Synapse Territories,pdal,dgm,cc,pdal,0.264559081151009,0.366199737238321,0.293942973675505,0.0752982079351652
1991,Circuiton,Circuit Confederation,pdal,dgm,cc,pdal,0.146295322271321,0.447294185691815,0.406410492036864,0
1991,Cortexia,Synapse Territories,pdal,pdal,cc,pdal,0.179184821616115,0.274241131552405,0.331399097977059,0.215174948854421
1991,Electropolis,Circuit Confederation,pdal,cc,cc,pdal,0.380523533230826,0.335992036866633,0.283484429902541,0
1991,Infinitron Peninsula,Metaflux Realm,pdal,cc,cc,pdal,0.51266044214027,0.281289790023746,0.206049767835984,0
1991,Infoglen,Metaflux Realm,pdal,cc,cc,pdal,0.370797122263838,0.337944002582716,0.291258875153446,0
1991,Neuronia,Synapse Territories,pdal,ssp,cc,pdal,0.0661735527092135,0.306881238628173,0.150989507083257,0.475955701579356
1991,Quantumridge,Metaflux Realm,pdal,pdal,cc,pdal,0.229269487426802,0.31617410888613,0.454556403687068,0
1991,Voltagea,Circuit Confederation,pdal,dgm,cc,pdal,0.136280477925419,0.444033558098655,0.419685963975926,0
1992,Amperville,Circuit Confederation,cc,pdal,dgm,pdal,0.0610418264014905,0.197968107359393,0.740990066239116,0
1992,Binaryshire,Metaflux Realm,cc,cc,dgm,pdal,0.843395065065402,0.0237915307880123,0.132813404146586,0
1992,Byteforge Domain,Metaflux Realm,cc,pdal,dgm,pdal,0.43367306829723,0.100340585385322,0.465986346317449,0
1992,Cerebrica,Synapse Territories,cc,dgm,dgm,pdal,0.293501995792898,0.335335031439879,0.308682770348628,0.0624802024185957
1992,Circuiton,Circuit Confederation,cc,dgm,dgm,pdal,0.0920128070490731,0.501003998874118,0.406983194076809,0
1992,Cortexia,Synapse Territories,cc,pdal,dgm,pdal,0.186618028925157,0.233407660020574,0.33534219334194,0.244632117712329
1992,Electropolis,Circuit Confederation,cc,dgm,dgm,pdal,0.273889181721758,0.403761541635707,0.322349276642535,0
1992,Infinitron Peninsula,Metaflux Realm,cc,cc,dgm,pdal,0.398125801599271,0.364892764625806,0.236981433774923,0
1992,Infoglen,Metaflux Realm,cc,dgm,dgm,pdal,0.286502090319808,0.39278583726671,0.320712072413482,0
1992,Neuronia,Synapse Territories,cc,ssp,dgm,pdal,0.0572421052198117,0.219297827953199,0.126866283602896,0.596593783224093
1992,Quantumridge,Metaflux Realm,cc,pdal,dgm,pdal,0.210947082861249,0.302215153199353,0.486837763939399,0
1992,Voltagea,Circuit Confederation,cc,pdal,dgm,pdal,0.129279133586039,0.403752497119847,0.466968369294115,0
1993,Amperville,Circuit Confederation,dgm,pdal,pdal,pdal,0.0524200588437853,0.219227891688438,0.728352049467777,0
1993,Binaryshire,Metaflux Realm,dgm,cc,pdal,pdal,0.835401115554054,0.024573746614513,0.140025137831433,0
1993,Byteforge Domain,Metaflux Realm,dgm,pdal,pdal,pdal,0.41430659811469,0.104196717836304,0.481496684049006,0
1993,Cerebrica,Synapse Territories,dgm,cc,pdal,pdal,0.332875072550685,0.278398816753104,0.312801763084307,0.0759243476119042
1993,Circuiton,Circuit Confederation,dgm,dgm,pdal,pdal,0.0787888532405174,0.520200228934305,0.401010917825178,0
1993,Cortexia,Synapse Territories,dgm,pdal,pdal,pdal,0.165612657286166,0.217886135725027,0.312338412969085,0.304162794019722
1993,Electropolis,Circuit Confederation,dgm,dgm,pdal,pdal,0.279362350397632,0.38930635237782,0.331331297224547,0
1993,Infinitron Peninsula,Metaflux Realm,dgm,cc,pdal,pdal,0.420628595685227,0.328951464504779,0.250419939809995,0
1993,Infoglen,Metaflux Realm,dgm,dgm,pdal,pdal,0.316347994785434,0.356012662020845,0.327639343193721,0
1993,Neuronia,Synapse Territories,dgm,ssp,pdal,pdal,0.0603347195265034,0.207146793373902,0.126800693647893,0.605717793451702
1993,Quantumridge,Metaflux Realm,dgm,pdal,pdal,pdal,0.214958904291363,0.291842586041693,0.493198509666944,0
1993,Voltagea,Circuit Confederation,dgm,pdal,pdal,pdal,0.108818462689308,0.43416496697596,0.457016570334732,0
1994,Amperville,Circuit Confederation,pdal,pdal,pdal,pdal,0.0306619855588799,0.201331497977348,0.768006516463772,0
1994,Binaryshire,Metaflux Realm,pdal,cc,pdal,pdal,0.818784610854058,0.0215252057099917,0.15969018343595,0
1994,Byteforge Domain,Metaflux Realm,pdal,pdal,pdal,pdal,0.341616272045121,0.108551946820392,0.549831781134487,0
1994,Cerebrica,Synapse Territories,pdal,dgm,pdal,pdal,0.209451954808554,0.397981418171798,0.327855689471213,0.0647109375484353
1994,Circuiton,Circuit Confederation,pdal,pdal,pdal,pdal,0.0779926364042722,0.416711833904033,0.505295529691695,0
1994,Cortexia,Synapse Territories,pdal,pdal,pdal,pdal,0.109931772581886,0.315727083318205,0.339081213163618,0.235259930936291
1994,Electropolis,Circuit Confederation,pdal,pdal,pdal,pdal,0.264200501730777,0.320019082342171,0.415780415927052,0
1994,Infinitron Peninsula,Metaflux Realm,pdal,cc,pdal,pdal,0.382985727449449,0.326658783089153,0.290355489461399,0
1994,Infoglen,Metaflux Realm,pdal,pdal,pdal,pdal,0.339824977640945,0.283767536966709,0.376407485392346,0
1994,Neuronia,Synapse Territories,pdal,ssp,pdal,pdal,0.0399936945452901,0.329656072750772,0.14173807689654,0.488612155807397
1994,Quantumridge,Metaflux Realm,pdal,pdal,pdal,pdal,0.161559575740388,0.304640879376224,0.533799544883387,0
1994,Voltagea,Circuit Confederation,pdal,pdal,pdal,pdal,0.0680565947790544,0.420175774358228,0.511767630862718,0
1995,Amperville,Circuit Confederation,pdal,pdal,pdal,pdal,0.0575914065974281,0.134899074364671,0.807509519037901,0
1995,Binaryshire,Metaflux Realm,pdal,cc,pdal,pdal,0.866278828943119,0.0132262608994119,0.120494910157469,0
1995,Byteforge Domain,Metaflux Realm,pdal,cc,pdal,pdal,0.483431168365256,0.0587647733748673,0.457804058259877,0
1995,Cerebrica,Synapse Territories,pdal,pdal,pdal,pdal,0.310935410546766,0.277885462140694,0.332617517760634,0.0785616095519058
1995,Circuiton,Circuit Confederation,pdal,pdal,pdal,pdal,0.107683453283598,0.380574397495427,0.511742149220975,0
1995,Cortexia,Synapse Territories,pdal,pdal,pdal,pdal,0.165899461720763,0.210640299792195,0.328275393914655,0.295184844572388
1995,Electropolis,Circuit Confederation,pdal,pdal,pdal,pdal,0.345914703989934,0.266146454645544,0.387938841364523,0
1995,Infinitron Peninsula,Metaflux Realm,pdal,cc,pdal,pdal,0.550041443647912,0.197524621451735,0.252433934900353,0
1995,Infoglen,Metaflux Realm,pdal,cc,pdal,pdal,0.426510921922648,0.226365918868999,0.347123159208354,0
1995,Neuronia,Synapse Territories,pdal,ssp,pdal,pdal,0.0539180847757147,0.185653844776451,0.125690524262282,0.634737546185552
1995,Quantumridge,Metaflux Realm,pdal,pdal,pdal,pdal,0.240006283041065,0.222306381426864,0.537687335532071,0
1995,Voltagea,Circuit Confederation,pdal,pdal,pdal,pdal,0.136070639539352,0.292289642082423,0.571639718378225,0
1996,Amperville,Circuit Confederation,pdal,pdal,pdal,pdal,0.0511630218622545,0.176237466377227,0.772599511760519,0
1996,Binaryshire,Metaflux Realm,pdal,cc,pdal,pdal,0.852998963923645,0.0167029513104701,0.130298084765885,0
1996,Byteforge Domain,Metaflux Realm,pdal,pdal,pdal,pdal,0.441818510511915,0.0786230990788197,0.479558390409265,0
1996,Cerebrica,Synapse Territories,pdal,pdal,pdal,pdal,0.290333692939138,0.284294092709298,0.320552511451313,0.104819702900252
1996,Circuiton,Circuit Confederation,pdal,dgm,pdal,pdal,0.074263419706885,0.496738565934818,0.428998014358297,0
1996,Cortexia,Synapse Territories,pdal,ssp,pdal,pdal,0.163922462647365,0.197749221464028,0.3120340585636,0.326294257325007
1996,Electropolis,Circuit Confederation,pdal,dgm,pdal,pdal,0.271922958851647,0.364529305393062,0.36354773575529,0
1996,Infinitron Peninsula,Metaflux Realm,pdal,cc,pdal,pdal,0.457022847424589,0.277474791591914,0.265502360983498,0
1996,Infoglen,Metaflux Realm,pdal,cc,pdal,pdal,0.357782722533968,0.291118019925818,0.351099257540214,0
1996,Neuronia,Synapse Territories,pdal,ssp,pdal,pdal,0.0563499510686727,0.190798009099712,0.126630507412702,0.626221532418913
1996,Quantumridge,Metaflux Realm,pdal,pdal,pdal,pdal,0.224148950244908,0.255684104535152,0.520166945219939,0
1996,Voltagea,Circuit Confederation,pdal,pdal,pdal,pdal,0.110242106308686,0.374827960132833,0.514929933558481,0
1997,Amperville,Circuit Confederation,pdal,pdal,dgm,dgm,0.0442343105138083,0.307165176191727,0.648600513294464,0
1997,Binaryshire,Metaflux Realm,pdal,cc,dgm,dgm,0.890416559936526,0.0151073153410943,0.09447612472238,0
1997,Byteforge Domain,Metaflux Realm,pdal,cc,dgm,dgm,0.458317185937908,0.106184386396989,0.435498427665103,0
1997,Cerebrica,Synapse Territories,pdal,dgm,dgm,dgm,0.294985745026023,0.33583393466604,0.30927253494729,0.0599077853606473
1997,Circuiton,Circuit Confederation,pdal,dgm,dgm,dgm,0.063965758648606,0.625598974651187,0.310435266700206,0
1997,Cortexia,Synapse Territories,pdal,ssp,dgm,dgm,0.15359507670952,0.236593074779394,0.299908245281715,0.309903603229371
1997,Electropolis,Circuit Confederation,pdal,dgm,dgm,dgm,0.234971800182922,0.496714032564186,0.268314167252892,0
1997,Infinitron Peninsula,Metaflux Realm,pdal,cc,dgm,dgm,0.512689139801923,0.278389046882765,0.208921813315312,0
1997,Infoglen,Metaflux Realm,pdal,cc,dgm,dgm,0.432982026404574,0.283163666539723,0.283854307055703,0
1997,Neuronia,Synapse Territories,pdal,ssp,dgm,dgm,0.0547052071453449,0.239946149360695,0.126705035446991,0.578643608046969
1997,Quantumridge,Metaflux Realm,pdal,pdal,dgm,dgm,0.22396787917703,0.321697490957563,0.454334629865407,0
1997,Voltagea,Circuit Confederation,pdal,dgm,dgm,dgm,0.0773400715114647,0.562075236224542,0.360584692263993,0
1998,Amperville,Circuit Confederation,dgm,pdal,pdal,pdal,0.0859074464492446,0.115119722350135,0.798972831200621,0
1998,Binaryshire,Metaflux Realm,dgm,cc,pdal,pdal,0.859292322609334,0.0164387289711855,0.12426894841948,0
1998,Byteforge Domain,Metaflux Realm,dgm,cc,pdal,pdal,0.479159472651717,0.0689851385010254,0.451855388847258,0
1998,Cerebrica,Synapse Territories,dgm,pdal,pdal,pdal,0.278204714217132,0.306824242632822,0.328865013333019,0.0861060298170272
1998,Circuiton,Circuit Confederation,dgm,pdal,pdal,pdal,0.150327981919796,0.344707717779563,0.50496430030064,0
1998,Cortexia,Synapse Territories,dgm,pdal,pdal,pdal,0.169086977116914,0.202740416720636,0.320106173631523,0.308066432530928
1998,Electropolis,Circuit Confederation,dgm,cc,pdal,pdal,0.45021985572889,0.207657110281788,0.342123033989322,0
1998,Infinitron Peninsula,Metaflux Realm,dgm,cc,pdal,pdal,0.539069117506031,0.220771914470093,0.240158968023875,0
1998,Infoglen,Metaflux Realm,dgm,cc,pdal,pdal,0.412312562109276,0.255277291929005,0.332410145961719,0
1998,Neuronia,Synapse Territories,dgm,ssp,pdal,pdal,0.05747574246615,0.165720973086166,0.118843164980387,0.657960119467297
1998,Quantumridge,Metaflux Realm,dgm,pdal,pdal,pdal,0.246770120560894,0.242216631872091,0.511013247567015,0
1998,Voltagea,Circuit Confederation,dgm,pdal,pdal,pdal,0.20644724454262,0.242072813881176,0.551479941576204,0
1999,Amperville,Circuit Confederation,pdal,pdal,pdal,pdal,0.0543475909467892,0.158481621812979,0.787170787240232,0
1999,Binaryshire,Metaflux Realm,pdal,cc,pdal,pdal,0.844235896077745,0.0187617838739307,0.137002320048325,0
1999,Byteforge Domain,Metaflux Realm,pdal,pdal,pdal,pdal,0.42367662536233,0.0825785002577778,0.493744874379893,0
1999,Cerebrica,Synapse Territories,pdal,cc,pdal,pdal,0.33275790830393,0.256778734879335,0.326388269734533,0.0840750870822017
1999,Circuiton,Circuit Confederation,pdal,pdal,pdal,pdal,0.0988270479703787,0.416470505477668,0.484702446551954,0
1999,Cortexia,Synapse Territories,pdal,pdal,pdal,pdal,0.155446769287076,0.228056587144691,0.330878074050662,0.285618569517571
1999,Electropolis,Circuit Confederation,pdal,pdal,pdal,pdal,0.310393969434672,0.319510721320465,0.370095309244863,0
1999,Infinitron Peninsula,Metaflux Realm,pdal,cc,pdal,pdal,0.451148187957633,0.285274176324424,0.263577635717943,0
1999,Infoglen,Metaflux Realm,pdal,cc,pdal,pdal,0.353950633177433,0.298636523802817,0.34741284301975,0
1999,Neuronia,Synapse Territories,pdal,ssp,pdal,pdal,0.0518851054646876,0.194449166835735,0.125509768504184,0.628155959195394
1999,Quantumridge,Metaflux Realm,pdal,pdal,pdal,pdal,0.201229434322542,0.269629121655327,0.529141444022131,0
1999,Voltagea,Circuit Confederation,pdal,pdal,pdal,pdal,0.13638856018592,0.309055753717039,0.554555686097041,0
2000,Amperville,Circuit Confederation,pdal,pdal,pdal,pdal,0.0454142152823547,0.182033703897442,0.772552080820203,0
2000,Binaryshire,Metaflux Realm,pdal,cc,pdal,pdal,0.837441668720487,0.0205510241580404,0.142007307121473,0
2000,Byteforge Domain,Metaflux Realm,pdal,pdal,pdal,pdal,0.368204829338397,0.10547305726776,0.526322113393844,0
2000,Cerebrica,Synapse Territories,pdal,pdal,pdal,pdal,0.280138678364994,0.314317363732983,0.339294254039419,0.0662497038626037
2000,Circuiton,Circuit Confederation,pdal,pdal,pdal,pdal,0.0803316340513646,0.44486617339122,0.474802192557415,0
2000,Cortexia,Synapse Territories,pdal,pdal,pdal,pdal,0.146031475372701,0.235773375482328,0.340519720561985,0.277675428582986
2000,Electropolis,Circuit Confederation,pdal,pdal,pdal,pdal,0.297884645132162,0.319190741713254,0.382924613154584,0
2000,Infinitron Peninsula,Metaflux Realm,pdal,cc,pdal,pdal,0.405252212495726,0.320317041046884,0.274430746457389,0
2000,Infoglen,Metaflux Realm,pdal,pdal,pdal,pdal,0.299605348384665,0.33814982408102,0.362244827534315,0
2000,Neuronia,Synapse Territories,pdal,ssp,pdal,pdal,0.0550404377803211,0.203463772690954,0.138395416082175,0.60310037344655
2000,Quantumridge,Metaflux Realm,pdal,pdal,pdal,pdal,0.179642622310498,0.290514725455122,0.52984265223438,0
2000,Voltagea,Circuit Confederation,pdal,pdal,pdal,pdal,0.104484704927102,0.373647078703112,0.521868216369786,0
2001,Amperville,Circuit Confederation,pdal,pdal,dgm,dgm,0.0233032575217904,0.312186231313748,0.664510511164462,0
2001,Binaryshire,Metaflux Realm,pdal,cc,dgm,dgm,0.812296796299199,0.0284899104886832,0.159213293212118,0
2001,Byteforge Domain,Metaflux Realm,pdal,pdal,dgm,dgm,0.342555083447196,0.139992111035225,0.517452805517579,0
2001,Cerebrica,Synapse Territories,pdal,dgm,dgm,dgm,0.222946009029786,0.399332283356985,0.322742677256282,0.054979030356946
2001,Circuiton,Circuit Confederation,pdal,dgm,dgm,dgm,0.0355135327172223,0.622885976329836,0.341600490952941,0
2001,Cortexia,Synapse Territories,pdal,pdal,dgm,dgm,0.141950859108058,0.322083288066854,0.356608030351935,0.179357822473153
2001,Electropolis,Circuit Confederation,pdal,dgm,dgm,dgm,0.124753091121723,0.562063678673689,0.313183230204588,0
2001,Infinitron Peninsula,Metaflux Realm,pdal,dgm,dgm,dgm,0.360956348833718,0.382315398345242,0.25672825282104,0
2001,Infoglen,Metaflux Realm,pdal,dgm,dgm,dgm,0.289798849428073,0.371390725045433,0.338810425526494,0
2001,Neuronia,Synapse Territories,pdal,ssp,dgm,dgm,0.0587192775205802,0.338790496634244,0.168142647080858,0.434347578764317
2001,Quantumridge,Metaflux Realm,pdal,pdal,dgm,dgm,0.143908499152633,0.376394197106495,0.479697303740872,0
2001,Voltagea,Circuit Confederation,pdal,dgm,dgm,dgm,0.0422759380625616,0.572374933624838,0.385349128312601,0
2002,Amperville,Circuit Confederation,dgm,pdal,pdal,pdal,0.0548862379667088,0.186923304005477,0.758190458027814,0
2002,Binaryshire,Metaflux Realm,dgm,cc,pdal,pdal,0.826842459530655,0.0276830109430419,0.145474529526303,0
2002,Byteforge Domain,Metaflux Realm,dgm,pdal,pdal,pdal,0.389817485894832,0.117647900584943,0.492534613520225,0
2002,Cerebrica,Synapse Territories,dgm,dgm,pdal,pdal,0.231044230742074,0.371710449940294,0.321208581726324,0.0760367375913075
2002,Circuiton,Circuit Confederation,dgm,dgm,pdal,pdal,0.0955324778751822,0.459004279104385,0.445463243020433,0
2002,Cortexia,Synapse Territories,dgm,pdal,pdal,pdal,0.13640928596672,0.237717068950809,0.315529206140578,0.310344438941894
2002,Electropolis,Circuit Confederation,dgm,pdal,pdal,pdal,0.316827522147965,0.32912560216385,0.354046875688185,0
2002,Infinitron Peninsula,Metaflux Realm,dgm,cc,pdal,pdal,0.458459496954712,0.299250857538581,0.242289645506707,0
2002,Infoglen,Metaflux Realm,dgm,cc,pdal,pdal,0.345860972921146,0.32479571080907,0.329343316269785,0
2002,Neuronia,Synapse Territories,dgm,ssp,pdal,pdal,0.0410160538009518,0.23567200105567,0.118612362868758,0.60469958227462
2002,Quantumridge,Metaflux Realm,dgm,pdal,pdal,pdal,0.210650005147567,0.300039400256915,0.489310594595518,0
2002,Voltagea,Circuit Confederation,dgm,pdal,pdal,pdal,0.118762788790451,0.381120119813325,0.500117091396224,0
2003,Amperville,Circuit Confederation,pdal,pdal,pdal,pdal,0.060694579449126,0.150103342979195,0.789202077571679,0
2003,Binaryshire,Metaflux Realm,pdal,cc,pdal,pdal,0.822242468875705,0.0262027109647766,0.151554820159519,0
2003,Byteforge Domain,Metaflux Realm,pdal,pdal,pdal,pdal,0.429524093585426,0.0849591377606275,0.485516768653947,0
2003,Cerebrica,Synapse Territories,pdal,pdal,pdal,pdal,0.290298824184749,0.26587773912549,0.31029374001372,0.133529696676041
2003,Circuiton,Circuit Confederation,pdal,pdal,pdal,pdal,0.113401831059965,0.394862156066763,0.491736012873271,0
2003,Cortexia,Synapse Territories,pdal,ssp,pdal,pdal,0.122499010000454,0.166713778006353,0.259958590304832,0.450828621688361
2003,Electropolis,Circuit Confederation,pdal,pdal,pdal,pdal,0.340478172134614,0.289606199494143,0.369915628371244,0
2003,Infinitron Peninsula,Metaflux Realm,pdal,cc,pdal,pdal,0.44313404127494,0.29183313874296,0.2650328199821,0
2003,Infoglen,Metaflux Realm,pdal,cc,pdal,pdal,0.369520362474977,0.278770032548946,0.351709604976077,0
2003,Neuronia,Synapse Territories,pdal,ssp,pdal,pdal,0.0329410085039677,0.0940171582507885,0.070392437549409,0.802649395695835
2003,Quantumridge,Metaflux Realm,pdal,pdal,pdal,pdal,0.193551084227365,0.280358503250079,0.526090412522556,0
2003,Voltagea,Circuit Confederation,pdal,pdal,pdal,pdal,0.14458019018389,0.313432921169679,0.541986888646431,0
2004,Amperville,Circuit Confederation,pdal,pdal,cc,pdal,0.0395683335718959,0.213463921226763,0.746967745201341,0
2004,Binaryshire,Metaflux Realm,pdal,cc,cc,pdal,0.877611498760393,0.0132716863925437,0.109116814847063,0
2004,Byteforge Domain,Metaflux Realm,pdal,cc,cc,pdal,0.463547568182059,0.0735568008235763,0.462895630994365,0
2004,Cerebrica,Synapse Territories,pdal,cc,cc,pdal,0.33265810620344,0.261362294416082,0.303211150461917,0.102768448918562
2004,Circuiton,Circuit Confederation,pdal,dgm,cc,pdal,0.0817299859737554,0.470245819800381,0.448024194225864,0
2004,Cortexia,Synapse Territories,pdal,ssp,cc,pdal,0.158200476509768,0.195231211557733,0.293600016893148,0.35296829503935
2004,Electropolis,Circuit Confederation,pdal,dgm,cc,pdal,0.238853056460604,0.404331926054182,0.356815017485215,0
2004,Infinitron Peninsula,Metaflux Realm,pdal,cc,cc,pdal,0.500420965310714,0.247147794904604,0.252431239784682,0
2004,Infoglen,Metaflux Realm,pdal,cc,cc,pdal,0.442725294100237,0.222461835656497,0.334812870243266,0
2004,Neuronia,Synapse Territories,pdal,ssp,cc,pdal,0.0482911347337818,0.157926385241664,0.104467715228991,0.689314764795563
2004,Quantumridge,Metaflux Realm,pdal,pdal,cc,pdal,0.233354863767385,0.242910369920481,0.523734766312134,0
2004,Voltagea,Circuit Confederation,pdal,pdal,cc,pdal,0.0924770989990666,0.408381828398455,0.499141072602478,0
2005,Amperville,Circuit Confederation,cc,pdal,cc,pdal,0.0573231780206329,0.192164673690168,0.750512148289199,0
2005,Binaryshire,Metaflux Realm,cc,cc,cc,pdal,0.860428631560317,0.0183169666664164,0.121254401773267,0
2005,Byteforge Domain,Metaflux Realm,cc,cc,cc,pdal,0.463492287136249,0.0841989492421381,0.452308763621613,0
2005,Cerebrica,Synapse Territories,cc,dgm,cc,pdal,0.255372049702589,0.344237034945412,0.315769603852568,0.0846213114994313
2005,Circuiton,Circuit Confederation,cc,pdal,cc,pdal,0.11392774544482,0.429592243720023,0.456480010835157,0
2005,Cortexia,Synapse Territories,cc,pdal,cc,pdal,0.127822043529375,0.257891115522275,0.312087380445503,0.302199460502847
2005,Electropolis,Circuit Confederation,cc,cc,cc,pdal,0.33731443547929,0.327961061827812,0.334724502692897,0
2005,Infinitron Peninsula,Metaflux Realm,cc,cc,cc,pdal,0.525450865291094,0.242565537233057,0.231983597475849,0
2005,Infoglen,Metaflux Realm,cc,cc,cc,pdal,0.392345375023367,0.286854209108604,0.320800415868029,0
2005,Neuronia,Synapse Territories,cc,ssp,cc,pdal,0.0371845771617425,0.20355504491783,0.104875303875054,0.654385074045373
2005,Quantumridge,Metaflux Realm,cc,pdal,cc,pdal,0.231844564730748,0.271511650335724,0.496643784933528,0
2005,Voltagea,Circuit Confederation,cc,pdal,cc,pdal,0.136614104002364,0.369356199042874,0.494029696954762,0
2006,Amperville,Circuit Confederation,cc,pdal,pdal,pdal,0.0404410694123173,0.256948338372363,0.70261059221532,0
2006,Binaryshire,Metaflux Realm,cc,cc,pdal,pdal,0.859015717378166,0.0174395230112196,0.123544759610614,0
2006,Byteforge Domain,Metaflux Realm,cc,pdal,pdal,pdal,0.419380978925282,0.10192386588832,0.478695155186398,0
2006,Cerebrica,Synapse Territories,cc,dgm,pdal,pdal,0.283816374024977,0.315680202243121,0.315531783686463,0.0849716400454389
2006,Circuiton,Circuit Confederation,cc,dgm,pdal,pdal,0.0704392571672232,0.536837187529637,0.39272355530314,0
2006,Cortexia,Synapse Territories,cc,pdal,pdal,pdal,0.123274847785646,0.273432157212518,0.30538221485204,0.297910780149796
2006,Electropolis,Circuit Confederation,cc,dgm,pdal,pdal,0.231506105956263,0.438361490643803,0.330132403399934,0
2006,Infinitron Peninsula,Metaflux Realm,cc,cc,pdal,pdal,0.449611075600912,0.298750405612682,0.251638518786407,0
2006,Infoglen,Metaflux Realm,cc,cc,pdal,pdal,0.355603018855501,0.310644580667204,0.333752400477295,0
2006,Neuronia,Synapse Territories,cc,ssp,pdal,pdal,0.0420483282062576,0.27342332829416,0.119871080084098,0.564657263415485
2006,Quantumridge,Metaflux Realm,cc,pdal,pdal,pdal,0.208053676426938,0.296017736095382,0.49592858747768,0
2006,Voltagea,Circuit Confederation,cc,pdal,pdal,pdal,0.111466781517173,0.422480893045133,0.466052325437694,0
2007,Amperville,Circuit Confederation,pdal,pdal,dgm,pdal,0.040835013613604,0.229249223265009,0.729915763121387,0
2007,Binaryshire,Metaflux Realm,pdal,cc,dgm,pdal,0.846338290724452,0.0183834684224939,0.135278240853054,0
2007,Byteforge Domain,Metaflux Realm,pdal,pdal,dgm,pdal,0.408200533870479,0.0989728994496927,0.492826566679828,0
2007,Cerebrica,Synapse Territories,pdal,dgm,dgm,pdal,0.27671802764775,0.351880327943475,0.32600008783868,0.0454015565700949
2007,Circuiton,Circuit Confederation,pdal,dgm,dgm,pdal,0.0771746456138275,0.489196527662389,0.433628826723784,0
2007,Cortexia,Synapse Territories,pdal,pdal,dgm,pdal,0.145023138068017,0.311915082099851,0.342641606965873,0.200420172866259
2007,Electropolis,Circuit Confederation,pdal,dgm,dgm,pdal,0.275170666189271,0.363233528870276,0.361595804940454,0
2007,Infinitron Peninsula,Metaflux Realm,pdal,cc,dgm,pdal,0.473013451158881,0.271063096311931,0.255923452529188,0
2007,Infoglen,Metaflux Realm,pdal,cc,dgm,pdal,0.390145157127981,0.263033987945347,0.346820854926672,0
2007,Neuronia,Synapse Territories,pdal,ssp,dgm,pdal,0.0596635067676737,0.281217793791653,0.146864816051302,0.512253883389371
2007,Quantumridge,Metaflux Realm,pdal,pdal,dgm,pdal,0.203744373281111,0.292578842469233,0.503676784249656,0
2007,Voltagea,Circuit Confederation,pdal,dgm,dgm,pdal,0.0813630019608862,0.461489463472675,0.457147534566439,0
2008,Amperville,Circuit Confederation,dgm,pdal,pdal,pdal,0.0496840105843647,0.18807266886962,0.762243320546015,0
2008,Binaryshire,Metaflux Realm,dgm,cc,pdal,pdal,0.871649488639042,0.0153819718645026,0.112968539496455,0
2008,Byteforge Domain,Metaflux Realm,dgm,pdal,pdal,pdal,0.419411246512449,0.096529610838107,0.484059142649444,0
2008,Cerebrica,Synapse Territories,dgm,cc,pdal,pdal,0.318592410351975,0.291810288750988,0.317414226596294,0.0721830743007431
2008,Circuiton,Circuit Confederation,dgm,dgm,pdal,pdal,0.0748750646816231,0.483836755158882,0.441288180159494,0
2008,Cortexia,Synapse Territories,dgm,pdal,pdal,pdal,0.171068393037055,0.25235426138798,0.339956063466305,0.23662128210866
2008,Electropolis,Circuit Confederation,dgm,dgm,pdal,pdal,0.265696672671195,0.379555792641236,0.354747534687569,0
2008,Infinitron Peninsula,Metaflux Realm,dgm,cc,pdal,pdal,0.488259356079068,0.266295056383691,0.245445587537241,0
2008,Infoglen,Metaflux Realm,dgm,cc,pdal,pdal,0.382175811033683,0.282847087089942,0.334977101876375,0
2008,Neuronia,Synapse Territories,dgm,ssp,pdal,pdal,0.0546056756968041,0.236101734410767,0.132204592221023,0.577087997671406
2008,Quantumridge,Metaflux Realm,dgm,pdal,pdal,pdal,0.221641004012614,0.269247845422901,0.509111150564485,0
2008,Voltagea,Circuit Confederation,dgm,pdal,pdal,pdal,0.131195012292663,0.343169413640125,0.525635574067212,0
2009,Amperville,Circuit Confederation,pdal,pdal,dgm,dgm,0.0616277543198758,0.271142420144528,0.667229825535596,0
2009,Binaryshire,Metaflux Realm,pdal,cc,dgm,dgm,0.838520084100102,0.0318692710846643,0.129610644815234,0
2009,Byteforge Domain,Metaflux Realm,pdal,pdal,dgm,dgm,0.427912457008886,0.132980204417582,0.439107338573532,0
2009,Cerebrica,Synapse Territories,pdal,dgm,dgm,dgm,0.277875046916081,0.333904807275336,0.304812435266675,0.0834077105419074
2009,Circuiton,Circuit Confederation,pdal,dgm,dgm,dgm,0.0838834761308442,0.589668257883481,0.326448265985675,0
2009,Cortexia,Synapse Territories,pdal,pdal,dgm,dgm,0.170248650888993,0.258076738020212,0.318250030875122,0.253424580215673
2009,Electropolis,Circuit Confederation,pdal,dgm,dgm,dgm,0.307455194929378,0.429180415880258,0.263364389190364,0
2009,Infinitron Peninsula,Metaflux Realm,pdal,cc,dgm,dgm,0.437875430520178,0.350740277594497,0.211384291885326,0
2009,Infoglen,Metaflux Realm,pdal,dgm,dgm,dgm,0.336303137127718,0.377441791589702,0.28625507128258,0
2009,Neuronia,Synapse Territories,pdal,ssp,dgm,dgm,0.0489372515740882,0.214702098587164,0.110833994466737,0.625526655372011
2009,Quantumridge,Metaflux Realm,pdal,pdal,dgm,dgm,0.208682444902244,0.358856027448201,0.432461527649555,0
2009,Voltagea,Circuit Confederation,pdal,dgm,dgm,dgm,0.104955181803506,0.52534044300027,0.369704375196225,0
2010,Amperville,Circuit Confederation,dgm,pdal,pdal,pdal,0.0461110219389603,0.209092337361994,0.744796640699046,0
2010,Binaryshire,Metaflux Realm,dgm,cc,pdal,pdal,0.84041898511674,0.0218936353840706,0.137687379499189,0
2010,Byteforge Domain,Metaflux Realm,dgm,pdal,pdal,pdal,0.360424531840698,0.124892208192605,0.514683259966697,0
2010,Cerebrica,Synapse Territories,dgm,dgm,pdal,pdal,0.277005231720587,0.33451731018837,0.321428521212906,0.0670489368781371
2010,Circuiton,Circuit Confederation,dgm,pdal,pdal,pdal,0.108593394265363,0.423083423000481,0.468323182734156,0
2010,Cortexia,Synapse Territories,dgm,pdal,pdal,pdal,0.138208041966265,0.296206549128852,0.334252718053837,0.231332690851046
2010,Electropolis,Circuit Confederation,dgm,pdal,pdal,pdal,0.346656045068975,0.292889122645889,0.360454832285136,0
2010,Infinitron Peninsula,Metaflux Realm,dgm,cc,pdal,pdal,0.441702801503106,0.301715355947102,0.256581842549792,0
2010,Infoglen,Metaflux Realm,dgm,cc,pdal,pdal,0.396133959247372,0.265874254179547,0.33799178657308,0
2010,Neuronia,Synapse Territories,dgm,ssp,pdal,pdal,0.046472499525298,0.250378808232756,0.128004026364056,0.575144665877889
2010,Quantumridge,Metaflux Realm,dgm,pdal,pdal,pdal,0.189934287270702,0.306258310861856,0.503807401867442,0
2010,Voltagea,Circuit Confederation,dgm,pdal,pdal,pdal,0.113116826276013,0.396549122087895,0.490334051636092,0
2011,Amperville,Circuit Confederation,pdal,pdal,pdal,pdal,0.0519715500543288,0.169994900600183,0.778033549345488,0
2011,Binaryshire,Metaflux Realm,pdal,cc,pdal,pdal,0.848077810900824,0.0186537457161769,0.133268443382999,0
2011,Byteforge Domain,Metaflux Realm,pdal,pdal,pdal,pdal,0.419076072877814,0.0874001538666997,0.493523773255486,0
2011,Cerebrica,Synapse Territories,pdal,pdal,pdal,pdal,0.29813256091296,0.295102704544226,0.321541990882945,0.085222743659869
2011,Circuiton,Circuit Confederation,pdal,pdal,pdal,pdal,0.117534978667186,0.376422981072137,0.506042040260677,0
2011,Cortexia,Synapse Territories,pdal,pdal,pdal,pdal,0.192209610358533,0.209300158674926,0.330769750970703,0.267720479995839
2011,Electropolis,Circuit Confederation,pdal,pdal,pdal,pdal,0.317205605611789,0.31237292598399,0.370421468404221,0
2011,Infinitron Peninsula,Metaflux Realm,pdal,cc,pdal,pdal,0.477705247412635,0.265997417764593,0.256297334822772,0
2011,Infoglen,Metaflux Realm,pdal,cc,pdal,pdal,0.376274862358493,0.271376298154362,0.352348839487145,0
2011,Neuronia,Synapse Territories,pdal,ssp,pdal,pdal,0.0591930307316458,0.19563024381272,0.126312994106371,0.618863731349263
2011,Quantumridge,Metaflux Realm,pdal,pdal,pdal,pdal,0.229147408398146,0.253182768364572,0.517669823237282,0
2011,Voltagea,Circuit Confederation,pdal,pdal,pdal,pdal,0.127480426834592,0.339550352165261,0.532969221000147,0
2012,Amperville,Circuit Confederation,pdal,pdal,pdal,pdal,0.0492678900348703,0.192841238127265,0.757890871837865,0
2012,Binaryshire,Metaflux Realm,pdal,cc,pdal,pdal,0.850724914617108,0.018511366199895,0.130763719182997,0
2012,Byteforge Domain,Metaflux Realm,pdal,pdal,pdal,pdal,0.414917406665119,0.0974347781731121,0.487647815161769,0
2012,Cerebrica,Synapse Territories,pdal,pdal,pdal,pdal,0.327250032123815,0.265362807846658,0.329081749676544,0.0783054103529823
2012,Circuiton,Circuit Confederation,pdal,dgm,pdal,pdal,0.080592659505727,0.491818634186233,0.427588706308041,0
2012,Cortexia,Synapse Territories,pdal,pdal,pdal,pdal,0.197262683991156,0.185671957975842,0.335367918244496,0.281697439788506
2012,Electropolis,Circuit Confederation,pdal,dgm,pdal,pdal,0.25705306243751,0.393678352616502,0.349268584945988,0
2012,Infinitron Peninsula,Metaflux Realm,pdal,cc,pdal,pdal,0.453953323319568,0.294524757888896,0.251521918791536,0
2012,Infoglen,Metaflux Realm,pdal,pdal,pdal,pdal,0.331105139849718,0.331751398241529,0.337143461908753,0
2012,Neuronia,Synapse Territories,pdal,ssp,pdal,pdal,0.0720020001032096,0.164437688838392,0.134848116288848,0.628712194769551
2012,Quantumridge,Metaflux Realm,pdal,pdal,pdal,pdal,0.225172475381679,0.267530725076882,0.50729679954144,0
2012,Voltagea,Circuit Confederation,pdal,pdal,pdal,pdal,0.117520453671442,0.371093275887059,0.511386270441499,0
2013,Amperville,Circuit Confederation,pdal,pdal,pdal,pdal,0.0559312712038007,0.186460729470463,0.757607999325737,0
2013,Binaryshire,Metaflux Realm,pdal,cc,pdal,pdal,0.831830756082114,0.0218750414125529,0.146294202505333,0
2013,Byteforge Domain,Metaflux Realm,pdal,pdal,pdal,pdal,0.432888133688168,0.085951556415945,0.481160309895887,0
2013,Cerebrica,Synapse Territories,pdal,dgm,pdal,pdal,0.281076804732651,0.324628895186396,0.319996561317098,0.0742977387638549
2013,Circuiton,Circuit Confederation,pdal,pdal,pdal,pdal,0.122383587979629,0.40848253311034,0.469133878910031,0
2013,Cortexia,Synapse Territories,pdal,pdal,pdal,pdal,0.143200184652557,0.235510245725474,0.313493994444528,0.307795575177441
2013,Electropolis,Circuit Confederation,pdal,dgm,pdal,pdal,0.289263690730291,0.365146843236494,0.345589466033215,0
2013,Infinitron Peninsula,Metaflux Realm,pdal,cc,pdal,pdal,0.460889460956115,0.278118460461445,0.26099207858244,0
2013,Infoglen,Metaflux Realm,pdal,cc,pdal,pdal,0.35834365316173,0.289278317831409,0.352378029006861,0
2013,Neuronia,Synapse Territories,pdal,ssp,pdal,pdal,0.0448190661434463,0.178040725006472,0.105348785520335,0.671791423329746
2013,Quantumridge,Metaflux Realm,pdal,pdal,pdal,pdal,0.223177460230237,0.255849647243504,0.520972892526259,0
2013,Voltagea,Circuit Confederation,pdal,pdal,pdal,pdal,0.145109552114618,0.340656127416555,0.514234320468826,0
2014,Amperville,Circuit Confederation,pdal,pdal,dgm,pdal,0.0470764810664017,0.257575107741122,0.695348411192476,0
2014,Binaryshire,Metaflux Realm,pdal,cc,dgm,pdal,0.817466899399391,0.0347883561939478,0.147744744406662,0
2014,Byteforge Domain,Metaflux Realm,pdal,pdal,dgm,pdal,0.395003844278555,0.126006540504272,0.478989615217173,0
2014,Cerebrica,Synapse Territories,pdal,dgm,dgm,pdal,0.243633136771399,0.387194983647564,0.293635620263459,0.0755362593175779
2014,Circuiton,Circuit Confederation,pdal,dgm,dgm,pdal,0.0830836034633494,0.52631316706345,0.390603229473201,0
2014,Cortexia,Synapse Territories,pdal,pdal,dgm,pdal,0.149608977835576,0.276655650609515,0.312262369457865,0.261473002097044
2014,Electropolis,Circuit Confederation,pdal,dgm,dgm,pdal,0.24802796206488,0.440775701193149,0.311196336741972,0
2014,Infinitron Peninsula,Metaflux Realm,pdal,cc,dgm,pdal,0.400675146397102,0.366724478031573,0.232600375571325,0
2014,Infoglen,Metaflux Realm,pdal,dgm,dgm,pdal,0.306907701187423,0.376184200937511,0.316908097875066,0
2014,Neuronia,Synapse Territories,pdal,ssp,dgm,pdal,0.0436421166408826,0.221906218350915,0.110090663017115,0.624361001991087
2014,Quantumridge,Metaflux Realm,pdal,pdal,dgm,pdal,0.156952200379735,0.396118150020693,0.446929649599572,0
2014,Voltagea,Circuit Confederation,pdal,dgm,dgm,pdal,0.0939407233012932,0.480553513206402,0.425505763492305,0
2015,Amperville,Circuit Confederation,dgm,pdal,pdal,pdal,0.052721654015815,0.177014966929145,0.77026337905504,0
2015,Binaryshire,Metaflux Realm,dgm,cc,pdal,pdal,0.837213905255679,0.0227565877762084,0.140029506968113,0
2015,Byteforge Domain,Metaflux Realm,dgm,pdal,pdal,pdal,0.422621178836931,0.0911310233690994,0.48624779779397,0
2015,Cerebrica,Synapse Territories,dgm,pdal,pdal,pdal,0.288091771060587,0.275111391895118,0.319909611818055,0.116887225226241
2015,Circuiton,Circuit Confederation,dgm,pdal,pdal,pdal,0.102924529694133,0.416968674629246,0.480106795676621,0
2015,Cortexia,Synapse Territories,dgm,pdal,pdal,pdal,0.158821653687205,0.211772904774329,0.327550423320896,0.30185501821757
2015,Electropolis,Circuit Confederation,dgm,pdal,pdal,pdal,0.299191248422985,0.329883524687028,0.370925226889987,0
2015,Infinitron Peninsula,Metaflux Realm,dgm,cc,pdal,pdal,0.4297967116064,0.308785336237558,0.261417952156042,0
2015,Infoglen,Metaflux Realm,dgm,pdal,pdal,pdal,0.343621527092519,0.310293898970693,0.346084573936789,0
2015,Neuronia,Synapse Territories,dgm,ssp,pdal,pdal,0.0504983852808192,0.206127860961096,0.12721356442428,0.616160189333804
2015,Quantumridge,Metaflux Realm,dgm,pdal,pdal,pdal,0.210261549537952,0.274396717230437,0.515341733231612,0
2015,Voltagea,Circuit Confederation,dgm,pdal,pdal,pdal,0.111243626815018,0.371953788132669,0.516802585052313,0
2016,Amperville,Circuit Confederation,pdal,pdal,pdal,pdal,0.039666941401983,0.207847544774297,0.75248551382372,0
2016,Binaryshire,Metaflux Realm,pdal,cc,pdal,pdal,0.86110194819273,0.0149926579632958,0.123905393843975,0
2016,Byteforge Domain,Metaflux Realm,pdal,pdal,pdal,pdal,0.441240413259376,0.0810788697285913,0.477680717012033,0
2016,Cerebrica,Synapse Territories,pdal,pdal,pdal,pdal,0.315250067961771,0.282276347838366,0.331134467425279,0.0713391167745842
2016,Circuiton,Circuit Confederation,pdal,dgm,pdal,pdal,0.0667719428587212,0.5139816472348,0.419246409906479,0
2016,Cortexia,Synapse Territories,pdal,pdal,pdal,pdal,0.175526926282363,0.220832132475275,0.335644897777667,0.267996043464695
2016,Electropolis,Circuit Confederation,pdal,dgm,pdal,pdal,0.237142277152602,0.406247190721899,0.356610532125498,0
2016,Infinitron Peninsula,Metaflux Realm,pdal,cc,pdal,pdal,0.511603844754809,0.240853596532928,0.247542558712263,0
2016,Infoglen,Metaflux Realm,pdal,cc,pdal,pdal,0.424019275347825,0.239086689278529,0.336894035373646,0
2016,Neuronia,Synapse Territories,pdal,ssp,pdal,pdal,0.0646023750858144,0.20161745773306,0.13800861509851,0.595771552082615
2016,Quantumridge,Metaflux Realm,pdal,pdal,pdal,pdal,0.228774593675635,0.251134397162494,0.520091009161871,0
2016,Voltagea,Circuit Confederation,pdal,pdal,pdal,pdal,0.0933542951877699,0.406360124420761,0.500285580391469,0
2017,Amperville,Circuit Confederation,pdal,pdal,dgm,pdal,0.0425658152121125,0.238193025134766,0.719241159653121,0
2017,Binaryshire,Metaflux Realm,pdal,cc,dgm,pdal,0.855819163512,0.0196007198205167,0.124580116667484,0
2017,Byteforge Domain,Metaflux Realm,pdal,pdal,dgm,pdal,0.380355996770665,0.120163526735606,0.49948047649373,0
2017,Cerebrica,Synapse Territories,pdal,dgm,dgm,pdal,0.291745405079681,0.340489331351586,0.323865207881362,0.0439000556873714
2017,Circuiton,Circuit Confederation,pdal,dgm,dgm,pdal,0.0766251229973925,0.508089416771535,0.415285460231073,0
2017,Cortexia,Synapse Territories,pdal,pdal,dgm,pdal,0.156548061445763,0.311373551944384,0.360750786176738,0.171327600433115
2017,Electropolis,Circuit Confederation,pdal,dgm,dgm,pdal,0.256402901557972,0.40610837584025,0.337488722601778,0
2017,Infinitron Peninsula,Metaflux Realm,pdal,cc,dgm,pdal,0.437923147798114,0.315712168701587,0.246364683500299,0
2017,Infoglen,Metaflux Realm,pdal,dgm,dgm,pdal,0.303809096262359,0.364809746569879,0.331381157167762,0
2017,Neuronia,Synapse Territories,pdal,ssp,dgm,pdal,0.0573240853935754,0.303621376508633,0.152543130294565,0.486511407803226
2017,Quantumridge,Metaflux Realm,pdal,pdal,dgm,pdal,0.205007815498404,0.29940169126099,0.495590493240606,0
2017,Voltagea,Circuit Confederation,pdal,pdal,dgm,pdal,0.101068677320349,0.434720040196991,0.46421128248266,0
2018,Amperville,Circuit Confederation,dgm,pdal,pdal,pdal,0.061493191663644,0.17932379522085,0.759183013115506,0
2018,Binaryshire,Metaflux Realm,dgm,cc,pdal,pdal,0.836367674662583,0.024349603121647,0.13928272221577,0
2018,Byteforge Domain,Metaflux Realm,dgm,pdal,pdal,pdal,0.434757060183764,0.0924904575413003,0.472752482274936,0
2018,Cerebrica,Synapse Territories,dgm,pdal,pdal,pdal,0.293319351078208,0.279884984022819,0.318774216044127,0.108021448854847
2018,Circuiton,Circuit Confederation,dgm,pdal,pdal,pdal,0.105827862671687,0.444794102019211,0.449378035309101,0
2018,Cortexia,Synapse Territories,dgm,ssp,pdal,pdal,0.161023954467404,0.171300895753825,0.29545895643858,0.372216193340191
2018,Electropolis,Circuit Confederation,dgm,dgm,pdal,pdal,0.305699145215996,0.350269756177224,0.34403109860678,0
2018,Infinitron Peninsula,Metaflux Realm,dgm,cc,pdal,pdal,0.444275033605173,0.305756890750481,0.249968075644346,0
2018,Infoglen,Metaflux Realm,dgm,cc,pdal,pdal,0.337925985251927,0.324634510224471,0.337439504523603,0
2018,Neuronia,Synapse Territories,dgm,ssp,pdal,pdal,0.0554796532529875,0.161003744548896,0.115108753740393,0.668407848457723
2018,Quantumridge,Metaflux Realm,dgm,pdal,pdal,pdal,0.21296491992126,0.283266917878714,0.503768162200026,0
2018,Voltagea,Circuit Confederation,dgm,pdal,pdal,pdal,0.148198494745199,0.343519145579581,0.50828235967522,0
2019,Amperville,Circuit Confederation,pdal,pdal,dgm,pdal,0.0418740156401896,0.208895314506095,0.749230669853715,0
2019,Binaryshire,Metaflux Realm,pdal,cc,dgm,pdal,0.788599688739358,0.0374381033472391,0.173962207913403,0
2019,Byteforge Domain,Metaflux Realm,pdal,pdal,dgm,pdal,0.298597123807009,0.157539789472648,0.543863086720343,0
2019,Cerebrica,Synapse Territories,pdal,dgm,dgm,pdal,0.175109387100672,0.45870266318737,0.302302453586708,0.0638854961252494
2019,Circuiton,Circuit Confederation,pdal,dgm,dgm,pdal,0.0665411522873991,0.531215238489399,0.402243609223202,0
2019,Cortexia,Synapse Territories,pdal,pdal,dgm,pdal,0.113841126984655,0.31270403153458,0.32583571072037,0.247619130760395
2019,Electropolis,Circuit Confederation,pdal,dgm,dgm,pdal,0.242426816559054,0.416328335915061,0.341244847525885,0
2019,Infinitron Peninsula,Metaflux Realm,pdal,dgm,dgm,pdal,0.313386721465192,0.43181165305306,0.254801625481748,0
2019,Infoglen,Metaflux Realm,pdal,dgm,dgm,pdal,0.24420092066372,0.430173434212577,0.325625645123704,0
2019,Neuronia,Synapse Territories,pdal,ssp,dgm,pdal,0.0311308744364483,0.257104701665676,0.10973397112664,0.602030452771236
2019,Quantumridge,Metaflux Realm,pdal,pdal,dgm,pdal,0.12082899198296,0.403154868216996,0.476016139800043,0
2019,Voltagea,Circuit Confederation,pdal,pdal,dgm,pdal,0.084116388686616,0.441091725542788,0.474791885770596,0
2020,Amperville,Circuit Confederation,dgm,pdal,pdal,pdal,0.061231610635124,0.173630996165838,0.765137393199038,0
2020,Binaryshire,Metaflux Realm,dgm,cc,pdal,pdal,0.865277162066472,0.0180479027658084,0.11667493516772,0
2020,Byteforge Domain,Metaflux Realm,dgm,cc,pdal,pdal,0.462250519383168,0.0826583374941722,0.45509114312266,0
2020,Cerebrica,Synapse Territories,dgm,cc,pdal,pdal,0.332264126644775,0.302499272028388,0.305720682516662,0.0595159188101758
2020,Circuiton,Circuit Confederation,dgm,pdal,pdal,pdal,0.114258270663359,0.41639182751668,0.469349901819961,0
2020,Cortexia,Synapse Territories,dgm,pdal,pdal,pdal,0.196045401281283,0.233910885323291,0.331618207675953,0.238425505719473
2020,Electropolis,Circuit Confederation,dgm,pdal,pdal,pdal,0.333760225354496,0.316126708481665,0.350113066163839,0
2020,Infinitron Peninsula,Metaflux Realm,dgm,cc,pdal,pdal,0.500064956422009,0.25843369936218,0.24150134421581,0
2020,Infoglen,Metaflux Realm,dgm,cc,pdal,pdal,0.415884378657019,0.257416511693055,0.326699109649926,0
2020,Neuronia,Synapse Territories,dgm,ssp,pdal,pdal,0.0666376091479702,0.241076981038654,0.141941456154031,0.550343953659345
2020,Quantumridge,Metaflux Realm,dgm,pdal,pdal,pdal,0.240513250350803,0.255524548903298,0.503962200745899,0
2020,Voltagea,Circuit Confederation,dgm,pdal,pdal,pdal,0.138038060795513,0.353511925584483,0.508450013620004,0
2021,Amperville,Circuit Confederation,pdal,pdal,pdal,pdal,0.0594148202652923,0.175256600915041,0.765328578819667,0
2021,Binaryshire,Metaflux Realm,pdal,cc,pdal,pdal,0.859621901958976,0.016832225145396,0.123545872895628,0
2021,Byteforge Domain,Metaflux Realm,pdal,cc,pdal,pdal,0.465687475681323,0.0753315398417514,0.458980984476926,0
2021,Cerebrica,Synapse Territories,pdal,cc,pdal,pdal,0.328429307897936,0.283514402081728,0.308977238044537,0.0790790519757988
2021,Circuiton,Circuit Confederation,pdal,pdal,pdal,pdal,0.0988484127269619,0.445791697951358,0.45535988932168,0
2021,Cortexia,Synapse Territories,pdal,pdal,pdal,pdal,0.191738454302212,0.221657171283077,0.332699805176062,0.253904569238649
2021,Electropolis,Circuit Confederation,pdal,dgm,pdal,pdal,0.272903724219388,0.371852608722034,0.355243667058578,0
2021,Infinitron Peninsula,Metaflux Realm,pdal,cc,pdal,pdal,0.49632008270862,0.252926228961916,0.250753688329464,0
2021,Infoglen,Metaflux Realm,pdal,cc,pdal,pdal,0.378790021875061,0.278138529345336,0.343071448779604,0
2021,Neuronia,Synapse Territories,pdal,ssp,pdal,pdal,0.0665434597862257,0.172177883832314,0.119876402608557,0.641402253772903
2021,Quantumridge,Metaflux Realm,pdal,pdal,pdal,pdal,0.240589623676687,0.248889482536213,0.5105208937871,0
2021,Voltagea,Circuit Confederation,pdal,pdal,pdal,pdal,0.144700152211301,0.34123808336679,0.514061764421909,0
2022,Amperville,Circuit Confederation,pdal,pdal,pdal,pdal,0.0620435832206651,0.1503685326946,0.787587884084736,0
2022,Binaryshire,Metaflux Realm,pdal,cc,pdal,pdal,0.878966834976818,0.0116732587720465,0.109359906251135,0
2022,Byteforge Domain,Metaflux Realm,pdal,pdal,pdal,pdal,0.461813371784653,0.0731533455668864,0.46503328264846,0
2022,Cerebrica,Synapse Territories,pdal,pdal,pdal,pdal,0.311414559889828,0.277090813355443,0.315903521941191,0.095591104813539
2022,Circuiton,Circuit Confederation,pdal,pdal,pdal,pdal,0.100507554077504,0.414179927404943,0.485312518517553,0
2022,Cortexia,Synapse Territories,pdal,pdal,pdal,pdal,0.155858439954021,0.220909849293973,0.324325960595081,0.298905750156924
2022,Electropolis,Circuit Confederation,pdal,pdal,pdal,pdal,0.335510279460939,0.292119453009743,0.372370267529318,0
2022,Infinitron Peninsula,Metaflux Realm,pdal,cc,pdal,pdal,0.472438394572779,0.271320227336777,0.256241378090444,0
2022,Infoglen,Metaflux Realm,pdal,cc,pdal,pdal,0.35959126794114,0.291931297850804,0.348477434208056,0
2022,Neuronia,Synapse Territories,pdal,ssp,pdal,pdal,0.0452592042313849,0.205817510644906,0.11877718019034,0.630146104933369
2022,Quantumridge,Metaflux Realm,pdal,pdal,pdal,pdal,0.258581159016727,0.219145100758141,0.522273740225133,0
2022,Voltagea,Circuit Confederation,pdal,pdal,pdal,pdal,0.133887959095318,0.330693261582895,0.535418779321788,0
2023,Amperville,Circuit Confederation,pdal,pdal,pdal,pdal,0.0467200251264367,0.226854592135846,0.726425382737717,0
2023,Binaryshire,Metaflux Realm,pdal,cc,pdal,pdal,0.865766917538147,0.0163335577061367,0.117899524755717,0
2023,Byteforge Domain,Metaflux Realm,pdal,pdal,pdal,pdal,0.406280112828658,0.113998067123653,0.479721820047689,0
2023,Cerebrica,Synapse Territories,pdal,pdal,pdal,pdal,0.289691151684615,0.29653902296881,0.315748635528824,0.0980211898177511
2023,Circuiton,Circuit Confederation,pdal,dgm,pdal,pdal,0.0775743594606751,0.520146985068071,0.402278655471254,0
2023,Cortexia,Synapse Territories,pdal,ssp,pdal,pdal,0.134762157475126,0.224453700254646,0.296967782717637,0.34381635955259
2023,Electropolis,Circuit Confederation,pdal,dgm,pdal,pdal,0.285425185244662,0.38031952328196,0.334255291473379,0
2023,Infinitron Peninsula,Metaflux Realm,pdal,cc,pdal,pdal,0.423951518997599,0.330976449713599,0.245072031288801,0
2023,Infoglen,Metaflux Realm,pdal,cc,pdal,pdal,0.355366854115002,0.318422449604057,0.326210696280941,0
2023,Neuronia,Synapse Territories,pdal,ssp,pdal,pdal,0.0340642839878513,0.191491065886575,0.0948117669600775,0.679632883165496
2023,Quantumridge,Metaflux Realm,pdal,pdal,pdal,pdal,0.178276483733407,0.340202248044266,0.481521268222327,0
2023,Voltagea,Circuit Confederation,pdal,pdal,pdal,pdal,0.109866414170085,0.419368215541952,0.470765370287963,0
